valid_time,0,1,2,3,4,5,6,7,8,9,10,11,12,13,14,15,16,17,18,19,20,21,22,23,24,25,26,27,28,29,30,31,32,33,34,35,36,37,38,39,40,41,42,43,44,45,46,47,48,49,50
2022-11-27 00:00:00,0.0,0.0,0.0,0.0,0.0,0.0,0.0,0.0,0.0,0.0,0.0,0.0,0.0,0.0,0.0,0.0,0.0,0.0,0.0,0.0,0.0,0.0,0.0,0.0,0.0,0.0,0.0,0.0,0.0,0.0,0.0,0.0,0.0,0.0,0.0,0.0,0.0,0.0,0.0,0.0,0.0,0.0,0.0,0.0,0.0,0.0,0.0,0.0,0.0,0.0,0.0
2022-11-27 01:00:00,0.1,0.0,0.0,0.2,0.3,0.1,0.1,0.2,0.1,0.2,0.4,0.0,0.1,0.1,0.3,0.0,0.1,0.4,0.1,0.0,0.1,0.0,0.1,0.0,0.2,0.1,0.2,0.1,0.4,0.1,0.0,0.3,0.4,0.1,0.1,0.2,0.4,0.1,0.1,0.3,0.4,0.0,0.6,0.2,0.1,0.2,0.1,0.2,0.1,0.1,1.7
2022-11-27 02:00:00,0.3,0.1,0.1,0.4,0.5,0.3,0.7,0.3,0.2,0.5,0.7,0.3,0.4,0.4,0.5,0.1,0.2,0.9,0.2,0.2,0.2,0.2,0.2,0.1,0.3,0.4,0.5,0.1,1.2,0.3,0.2,0.5,0.8,0.3,0.3,0.6,0.8,0.3,0.5,0.6,1.0,2.3,1.5,0.5,0.2,0.3,0.2,0.4,0.3,0.4,2.3
2022-11-27 03:00:00,0.5,0.4,0.3,0.9,0.8,0.5,1.2,0.4,0.5,0.7,0.8,0.5,0.6,0.8,0.6,0.4,0.4,1.8,0.4,0.4,0.3,0.4,0.4,0.2,0.5,0.6,0.6,0.1,1.5,0.4,0.5,0.6,1.2,0.4,0.4,0.9,1.0,0.5,1.1,1.0,1.3,4.1,2.1,0.9,0.3,0.3,0.5,0.6,0.4,0.7,2.9
2022-11-27 04:00:00,0.5,0.4,0.4,1.1,1.2,0.6,1.6,0.5,0.6,0.8,0.9,0.6,0.6,0.8,0.6,0.5,0.5,2.1,0.5,0.5,0.3,0.5,0.5,0.2,0.6,0.6,0.8,0.1,1.7,0.5,0.6,0.7,1.4,0.4,0.6,1.1,1.0,0.5,1.6,1.1,1.4,4.4,2.3,1.0,0.3,0.3,1.0,0.6,0.5,0.8,3.1
2022-11-27 05:00:00,0.6,0.5,0.4,1.4,1.8,0.6,2.1,0.6,0.7,0.9,1.0,0.7,0.8,0.8,0.7,0.6,0.5,2.2,0.5,0.5,0.3,0.9,0.7,0.3,0.6,0.7,0.9,0.2,1.9,0.5,0.7,0.8,1.8,0.4,0.7,1.2,1.0,0.6,2.1,1.4,1.7,4.5,2.6,1.3,0.3,0.4,1.2,0.6,0.5,0.9,3.2
2022-11-27 06:00:00,0.8,0.6,0.4,1.6,3.4,0.6,2.2,0.6,0.8,1.0,1.2,0.7,1.0,1.0,0.7,0.6,0.6,2.3,0.5,0.5,0.3,1.0,0.8,0.3,0.6,0.9,1.1,0.3,2.2,0.6,0.8,1.0,2.2,0.4,0.8,1.3,1.1,1.2,2.3,1.9,2.0,4.6,2.6,1.7,0.6,0.5,1.4,0.7,0.6,1.0,3.3
2022-11-27 07:00:00,0.8,0.7,0.4,1.7,3.9,0.7,2.3,0.6,0.9,1.1,1.3,1.1,1.1,1.3,0.7,0.6,0.6,2.3,0.6,0.7,0.4,1.0,1.0,0.5,0.6,1.8,1.6,0.3,2.3,0.6,0.9,1.1,2.5,0.5,0.8,1.4,1.2,1.5,2.4,2.1,2.3,4.8,2.8,2.0,1.1,0.6,1.6,0.7,0.7,1.1,3.4
2022-11-27 08:00:00,0.9,0.8,0.5,1.8,4.1,0.7,2.4,1.0,0.9,1.1,1.3,1.2,1.2,1.5,0.7,0.6,0.6,2.4,0.7,1.2,0.4,1.0,1.7,0.7,0.7,2.4,2.9,0.3,2.4,0.7,1.1,1.2,2.9,0.5,0.9,1.4,1.4,1.7,2.6,2.1,2.5,4.9,3.2,2.2,1.5,0.7,2.1,0.7,0.9,1.2,3.4
2022-11-27 09:00:00,0.9,0.8,2.1,1.9,4.3,0.8,2.6,1.3,0.9,1.2,1.5,1.5,1.4,1.7,0.9,0.8,0.7,3.4,1.0,1.6,0.5,1.1,2.7,0.9,0.7,2.7,5.4,0.4,2.5,0.8,1.2,1.4,5.6,0.5,1.3,1.4,1.5,2.4,2.8,2.2,2.7,5.0,4.7,2.6,1.7,0.9,2.8,0.7,1.7,1.5,3.5
2022-11-27 10:00:00,1.0,0.9,6.6,2.3,4.6,0.9,2.6,1.6,1.7,1.8,1.6,1.6,1.5,1.9,1.1,1.4,0.8,9.4,1.6,1.9,0.7,1.1,3.4,1.0,0.8,2.9,7.1,0.4,3.0,1.0,1.5,2.0,7.4,0.7,1.4,1.4,1.6,2.6,3.3,2.2,2.8,5.3,5.2,2.8,1.8,1.2,3.2,0.7,6.9,1.9,3.7
2022-11-27 11:00:00,1.0,0.9,9.4,2.6,7.4,1.0,2.7,3.0,5.0,2.1,1.7,1.6,1.8,2.3,1.3,2.3,1.0,17.3,2.0,2.1,0.9,1.3,4.1,1.1,0.9,3.2,7.8,0.6,3.6,1.3,1.7,2.3,8.2,0.8,1.6,1.6,1.7,2.9,3.8,2.3,2.9,5.5,5.3,3.2,2.0,1.3,3.3,0.8,9.2,2.6,4.0
2022-11-27 12:00:00,1.3,1.0,10.9,2.9,13.3,1.2,2.9,5.5,8.1,2.4,1.8,1.6,2.3,2.6,1.4,2.9,1.3,20.9,2.2,2.4,1.0,1.4,4.3,1.3,1.0,3.6,8.4,0.9,3.9,5.6,1.9,2.6,10.0,0.8,1.7,1.7,1.9,3.1,4.2,2.4,3.1,5.6,5.4,3.5,2.2,1.4,3.9,0.8,10.1,3.7,4.1
2022-11-27 13:00:00,5.4,1.2,11.3,3.0,17.3,1.3,3.1,5.9,9.7,3.0,1.9,1.9,3.8,4.3,1.4,3.1,1.4,21.4,3.2,2.7,1.3,1.5,4.5,1.7,1.2,4.1,8.5,1.1,4.0,13.3,2.1,2.9,10.6,0.9,2.0,1.8,2.0,3.2,4.4,2.5,3.3,5.7,5.5,9.5,2.4,1.5,4.4,0.9,10.5,4.8,4.2
2022-11-27 14:00:00,5.7,1.3,11.4,3.1,18.1,2.2,4.0,6.1,11.4,3.6,2.3,2.2,5.0,5.9,1.5,3.6,1.5,21.6,5.8,2.9,2.9,1.6,5.5,2.0,1.3,4.3,8.7,1.3,4.1,16.0,2.2,3.2,11.1,1.0,2.7,1.9,2.2,4.1,5.1,2.5,3.4,7.0,5.6,13.3,2.7,1.6,5.0,1.1,10.7,5.6,4.3
2022-11-27 15:00:00,6.2,1.4,11.5,4.3,18.5,3.3,5.3,6.1,12.6,3.9,7.4,2.3,5.9,9.4,1.6,3.9,1.6,21.7,5.9,3.1,3.3,3.1,7.0,2.1,4.0,4.5,8.9,3.6,5.1,16.1,2.4,3.3,11.4,2.1,2.9,2.0,6.5,6.2,7.3,2.6,3.6,8.2,5.7,13.7,2.9,1.7,5.3,2.1,11.5,6.5,4.4
2022-11-27 16:00:00,6.9,2.4,12.7,4.9,19.0,3.7,6.3,6.3,13.1,6.8,9.1,2.5,8.3,9.8,2.8,4.1,6.5,22.5,6.6,4.0,5.2,4.5,7.4,2.4,4.4,4.7,9.5,4.3,6.6,16.4,3.7,3.4,14.3,2.8,3.7,2.1,7.3,6.5,8.4,3.2,5.6,8.7,7.3,14.1,5.5,2.1,5.4,2.4,11.6,11.2,6.6
2022-11-27 17:00:00,7.1,3.1,14.6,6.2,21.2,5.3,7.3,7.0,14.3,9.8,10.3,3.0,10.0,11.0,3.6,9.6,10.6,24.0,8.4,6.5,12.6,6.4,8.3,5.5,5.9,6.2,9.8,6.5,9.7,17.0,6.2,3.6,20.6,3.1,5.6,4.4,8.1,6.9,9.2,5.2,6.8,12.8,12.6,15.0,8.7,3.0,6.7,2.5,12.0,12.0,10.2
2022-11-27 18:00:00,8.1,5.2,15.5,8.5,21.7,6.8,7.9,7.7,14.9,11.0,11.2,4.0,11.9,11.9,3.9,10.8,10.9,24.3,8.9,7.8,13.5,8.0,8.6,6.2,7.7,9.5,10.4,7.9,10.8,17.7,6.6,4.0,21.1,4.0,6.2,4.7,9.3,8.2,10.2,6.7,7.5,13.4,12.8,17.4,9.9,3.5,7.4,3.4,12.7,15.7,10.3
2022-11-27 19:00:00,8.9,5.7,16.2,9.0,22.7,7.3,9.0,8.8,16.1,11.7,11.7,4.9,13.0,13.3,4.5,12.3,11.4,24.9,9.4,10.9,15.3,8.8,9.3,6.4,8.2,11.0,10.8,9.0,12.0,18.4,7.6,4.3,21.7,4.3,7.0,5.0,11.6,9.3,10.8,8.6,8.4,14.8,14.1,18.2,11.2,5.2,8.5,5.6,13.2,16.3,10.8
2022-11-27 20:00:00,9.6,6.4,17.0,9.8,23.1,7.9,10.0,9.6,17.4,12.4,12.8,5.7,14.2,13.8,4.8,13.5,11.8,25.3,10.4,11.6,16.1,10.0,10.0,6.9,9.5,11.8,11.4,9.9,13.5,19.2,7.9,5.0,22.6,4.7,8.9,5.2,12.1,9.8,11.2,10.3,9.1,16.7,15.9,19.0,12.0,6.3,9.6,8.3,13.9,16.6,11.0
2022-11-27 21:00:00,10.5,7.6,17.5,10.2,23.5,8.5,11.3,11.0,17.9,13.3,14.4,6.3,16.5,14.3,5.2,14.9,12.4,25.6,11.9,12.2,17.3,11.5,11.8,8.0,10.1,13.2,12.3,10.8,13.9,19.6,8.7,5.7,23.4,5.4,10.0,5.3,12.5,10.1,12.0,12.3,10.3,17.8,17.7,19.5,13.0,7.6,10.3,9.9,14.7,17.1,11.4
2022-11-27 22:00:00,11.9,8.5,17.9,10.8,23.9,9.2,12.7,12.1,18.5,14.1,17.2,7.2,17.8,15.0,5.7,16.9,12.9,27.3,14.0,13.2,18.6,13.4,15.0,9.5,10.4,14.2,13.1,11.6,14.2,19.9,9.8,6.6,24.3,6.3,11.3,5.6,13.0,10.5,13.0,15.1,11.9,18.6,19.5,19.9,14.4,9.3,10.8,13.2,15.3,17.6,11.9
2022-11-27 23:00:00,13.3,9.3,18.4,11.3,24.3,10.0,14.1,12.9,19.7,14.9,20.2,8.7,20.1,15.5,6.2,18.7,13.5,27.9,16.8,14.5,20.0,16.0,16.4,11.2,11.3,15.0,14.0,12.1,14.7,20.7,10.2,7.7,25.9,7.3,12.9,6.1,13.5,13.4,13.8,16.5,12.7,19.3,20.8,20.4,15.8,11.1,11.4,15.1,16.0,18.1,12.2
2022-11-28 00:00:00,14.5,10.3,19.5,12.0,25.2,11.1,15.1,14.1,22.3,16.0,21.4,11.5,22.5,16.1,6.8,20.1,14.5,28.5,19.8,15.6,21.2,18.0,17.3,11.5,12.6,16.2,16.4,12.5,16.1,21.2,11.0,9.0,27.5,8.2,14.3,6.7,14.0,18.0,14.5,17.4,13.6,20.5,22.3,20.8,16.6,12.3,12.2,16.4,17.4,18.5,12.6
2022-11-28 01:00:00,15.6,11.3,20.9,12.7,26.3,11.7,15.6,15.3,23.5,16.8,22.3,13.6,24.1,16.7,7.1,21.0,15.4,29.2,22.9,17.2,22.5,19.1,17.8,11.6,14.5,17.8,23.0,13.0,18.2,21.7,15.4,10.4,28.5,9.1,15.1,7.3,14.5,21.9,15.9,18.8,14.1,21.7,23.4,21.3,17.1,13.3,13.1,17.4,19.0,19.3,13.2
2022-11-28 02:00:00,16.7,13.0,22.7,13.3,26.9,12.4,16.2,16.8,24.4,17.2,22.8,14.4,25.5,17.2,7.5,21.9,16.1,30.0,23.6,18.6,23.8,20.5,18.3,11.7,16.1,18.8,30.2,13.3,21.0,22.3,23.6,11.9,29.4,10.5,15.8,7.7,15.3,23.6,16.4,20.9,14.5,22.8,25.0,21.6,17.5,14.0,13.8,18.1,20.2,20.4,13.4
2022-11-28 03:00:00,18.1,15.6,24.6,14.1,27.4,12.7,16.5,18.0,25.4,17.9,23.0,14.7,26.8,18.1,8.2,22.7,17.1,30.7,24.5,19.6,25.2,22.1,18.6,12.0,17.6,20.1,34.8,13.5,22.7,23.4,25.6,13.7,30.1,12.5,16.4,8.1,16.0,24.4,17.1,22.6,14.6,24.2,26.4,22.1,17.9,14.4,14.8,18.5,21.4,21.4,13.8
2022-11-28 04:00:00,19.7,19.1,26.6,15.3,27.8,13.6,17.1,18.8,26.4,18.4,23.2,15.3,27.8,19.2,8.8,23.2,18.3,31.2,25.0,20.6,26.1,23.6,18.9,12.3,18.9,21.9,38.1,13.9,23.7,25.0,26.7,15.4,30.7,15.1,17.3,8.4,16.5,25.4,17.8,23.7,14.8,25.8,27.2,22.8,18.2,14.5,15.9,19.0,22.4,22.4,14.5
2022-11-28 05:00:00,21.4,21.6,28.6,17.0,28.7,16.8,18.6,19.6,27.9,18.8,23.4,16.0,28.7,20.0,10.5,23.7,19.1,32.0,25.1,21.5,26.6,25.0,19.2,12.5,20.1,23.6,45.4,14.3,24.6,26.5,28.3,17.4,30.9,17.2,18.3,8.6,17.1,26.4,18.5,24.8,15.0,27.0,27.4,23.5,18.3,14.7,16.5,19.4,23.1,23.6,15.2
2022-11-28 06:00:00,22.7,24.3,30.1,18.9,29.3,20.5,21.7,20.1,28.8,19.2,23.5,16.3,30.0,20.5,11.7,24.4,19.9,32.9,25.1,23.0,26.9,25.9,19.5,12.7,21.4,25.4,52.3,14.4,25.2,27.4,30.7,19.4,31.0,18.7,19.1,9.0,18.1,27.6,19.0,25.6,15.2,28.3,27.6,24.2,18.4,15.0,16.8,19.9,23.7,25.1,15.8
2022-11-28 07:00:00,23.4,27.8,32.3,21.0,30.2,23.3,28.2,20.4,29.4,19.5,23.7,16.5,31.9,20.8,14.1,25.2,20.7,34.0,25.3,24.4,27.1,26.8,19.8,13.1,22.5,27.3,54.7,14.6,25.7,27.9,32.6,20.7,31.3,20.4,19.9,9.8,21.0,28.7,19.8,26.4,15.4,29.6,27.9,24.8,18.7,15.3,17.1,20.5,24.2,26.7,16.3
2022-11-28 08:00:00,24.1,31.4,34.5,22.4,30.5,25.6,35.0,20.6,30.1,19.6,23.8,16.6,34.1,20.9,17.4,25.8,21.9,35.1,25.5,25.5,27.5,27.5,20.0,13.4,23.8,28.8,56.9,14.7,26.2,28.4,34.0,21.7,31.5,22.1,20.6,10.8,24.1,29.3,20.6,27.1,15.5,30.2,28.0,25.3,22.3,15.5,17.5,21.3,24.7,28.0,17.0
2022-11-28 09:00:00,24.7,35.7,36.4,23.9,30.6,27.1,40.6,20.7,31.2,19.8,23.8,16.8,36.0,21.1,18.3,26.3,23.5,36.1,25.6,26.2,28.1,28.0,20.1,13.6,25.1,29.6,59.9,14.8,27.1,29.0,35.2,22.7,31.6,22.7,21.1,12.4,26.4,29.7,21.4,27.7,15.7,30.6,28.1,25.7,25.2,15.6,17.8,22.3,25.1,28.7,17.7
2022-11-28 10:00:00,25.1,38.0,37.2,25.6,30.7,28.7,43.0,20.8,32.2,20.0,23.9,17.2,37.6,21.7,18.8,26.7,25.0,37.1,25.8,26.7,29.3,28.2,20.2,13.8,26.0,30.2,66.8,15.0,28.2,29.8,36.4,23.9,31.7,24.2,21.7,14.9,28.8,30.1,22.1,28.1,15.9,31.2,28.3,26.2,27.3,15.8,18.2,22.9,25.5,29.3,18.4
2022-11-28 11:00:00,26.6,38.6,39.2,26.6,31.1,31.4,43.9,20.9,33.2,20.4,24.0,17.7,38.7,25.8,19.1,27.2,26.6,37.7,26.1,27.6,30.1,28.4,20.4,14.0,27.1,31.0,70.0,15.4,30.5,30.5,37.4,24.8,31.9,26.9,22.5,17.0,30.1,30.4,22.7,28.4,16.2,32.3,28.9,26.5,28.4,15.9,18.9,23.3,26.1,29.9,19.0
2022-11-28 12:00:00,30.9,39.4,44.6,27.1,32.2,35.8,44.5,21.1,33.9,21.7,24.4,18.5,39.5,28.7,19.3,28.2,27.5,38.1,26.3,28.6,31.2,28.5,20.6,14.7,29.9,31.4,71.0,16.0,31.6,31.2,37.9,25.6,32.1,29.8,23.4,18.4,32.0,30.7,23.4,28.7,16.4,33.5,29.4,26.8,29.5,16.2,20.3,23.8,26.8,31.3,19.7
2022-11-28 13:00:00,34.6,40.6,48.2,27.9,33.2,38.1,45.8,21.3,34.7,23.3,24.6,19.0,40.4,30.0,20.1,29.1,28.3,38.6,26.5,29.7,31.8,28.7,20.8,17.0,32.6,32.1,71.4,17.7,32.9,31.8,38.5,26.5,32.6,32.3,24.4,18.8,33.7,31.0,24.8,29.0,16.8,34.4,29.8,27.0,30.7,16.4,21.7,24.6,27.7,33.4,22.0
2022-11-28 14:00:00,38.8,41.3,49.6,31.0,33.8,39.1,47.1,21.4,37.6,27.5,24.9,20.0,41.0,30.4,20.7,29.7,29.5,39.0,26.8,30.7,33.0,28.9,21.1,21.8,34.1,34.2,72.5,20.1,34.6,32.4,38.9,28.1,33.3,35.8,28.0,18.9,34.6,32.0,25.8,29.5,17.0,35.5,29.9,27.5,31.8,16.6,23.0,26.3,28.4,39.2,23.5
2022-11-28 15:00:00,43.8,42.1,52.1,35.1,34.1,40.0,48.3,21.4,40.7,31.2,25.2,21.3,41.7,30.6,22.3,30.3,30.2,39.5,27.1,31.3,35.4,29.3,21.6,27.0,35.5,36.4,79.5,21.1,39.3,33.3,39.2,29.6,33.5,44.7,33.4,19.1,36.3,34.2,26.7,30.2,17.2,38.6,30.2,28.0,32.2,17.4,23.9,30.7,29.1,42.8,24.4
2022-11-28 16:00:00,47.2,42.6,55.4,37.1,34.8,41.7,49.4,21.6,41.2,35.0,25.7,21.9,43.8,31.0,23.4,30.6,31.0,39.9,27.5,32.2,36.5,29.8,22.5,30.3,37.6,38.4,83.4,23.2,41.2,34.5,39.5,30.5,33.6,49.0,34.0,19.2,42.4,34.8,27.0,30.6,17.5,40.2,30.3,28.3,32.4,17.9,25.0,34.2,29.8,44.5,26.7
2022-11-28 17:00:00,54.7,42.8,56.8,37.8,35.3,44.1,50.3,25.0,41.7,41.1,26.0,22.0,46.0,31.6,24.5,30.7,31.3,40.8,28.3,32.7,39.3,30.4,23.0,32.1,40.8,39.4,87.1,29.7,42.3,37.1,40.1,32.1,33.7,51.0,35.1,19.4,49.0,36.3,27.3,31.0,18.1,41.8,30.6,28.6,32.6,18.9,26.4,35.6,30.2,46.0,29.6
2022-11-28 18:00:00,61.0,43.5,58.4,39.8,35.7,46.4,51.6,27.9,42.1,51.2,26.4,22.2,46.4,32.5,25.7,30.7,31.7,41.4,29.2,33.2,41.7,32.6,23.5,34.5,43.6,40.1,88.0,32.4,44.2,38.7,40.5,35.7,33.9,53.2,36.9,19.7,54.6,37.2,28.3,31.1,18.5,44.0,31.1,28.8,32.9,19.8,28.2,36.8,30.7,52.7,30.8
2022-11-28 19:00:00,63.3,44.1,59.6,40.7,36.0,48.2,53.1,29.0,42.5,62.2,26.8,23.1,47.0,34.1,26.9,30.8,31.9,42.1,30.5,33.5,43.4,36.2,24.2,36.2,45.8,41.7,88.5,33.5,45.9,40.0,40.6,40.9,34.0,56.1,39.2,20.0,56.2,37.8,28.9,31.3,19.0,48.0,31.2,29.0,34.5,20.9,30.4,37.3,31.5,58.0,31.6
2022-11-28 20:00:00,64.0,45.9,60.8,42.2,36.2,49.3,55.0,29.7,43.1,68.0,27.4,25.0,47.7,36.3,28.6,30.8,32.3,42.9,31.7,34.0,44.2,39.0,27.7,38.1,48.5,42.7,88.9,34.2,46.8,40.8,40.6,44.5,34.4,57.7,40.1,20.1,56.7,38.4,29.8,31.4,19.2,50.9,31.6,29.7,35.1,21.3,32.1,38.2,32.0,59.9,33.2
2022-11-28 21:00:00,64.9,47.9,62.2,43.0,36.5,50.0,56.4,31.9,43.5,69.8,27.6,26.5,47.8,36.9,30.1,31.0,32.5,44.3,32.5,34.5,44.9,40.2,30.6,40.3,49.4,43.3,89.5,34.8,47.7,41.5,40.8,45.8,35.7,58.8,41.0,20.1,57.0,39.0,30.5,31.5,19.6,52.5,32.1,30.6,35.8,21.8,33.3,38.9,32.3,60.7,33.8
2022-11-28 22:00:00,66.0,49.3,63.2,43.7,36.9,50.7,57.6,33.8,43.8,71.5,27.8,31.2,47.9,37.2,31.5,31.4,32.7,45.1,33.6,34.8,45.6,40.5,31.3,43.0,50.1,43.7,89.9,35.2,48.8,42.4,41.8,46.6,36.6,60.1,41.7,20.2,57.3,39.5,32.0,31.7,19.8,54.6,32.4,31.4,37.7,22.1,34.3,39.5,32.7,61.7,34.1
2022-11-28 23:00:00,66.9,51.6,64.0,44.4,37.8,51.6,59.7,34.8,43.9,72.9,28.2,37.4,48.1,37.5,32.3,33.9,32.7,45.7,34.5,34.9,46.2,40.7,31.6,46.7,51.4,44.2,90.2,35.6,49.8,43.4,42.5,48.0,38.2,60.9,42.8,20.2,57.7,40.1,34.4,31.9,19.9,56.1,32.5,32.4,40.7,22.4,35.0,40.1,33.0,63.3,34.2
2022-11-29 00:00:00,67.8,53.3,64.9,45.1,39.5,52.3,62.7,35.7,44.3,75.3,28.5,39.9,48.2,37.8,33.3,38.2,32.8,46.3,35.3,35.1,46.9,41.2,31.9,49.4,54.6,44.5,90.6,35.9,50.3,44.1,42.8,49.4,39.0,61.8,43.6,20.2,58.0,40.6,36.1,32.4,20.0,57.3,32.7,33.1,43.6,22.6,35.9,40.9,33.3,64.9,34.4
2022-11-29 01:00:00,69.2,54.4,65.9,45.8,40.4,52.9,64.6,36.8,44.5,80.1,29.2,42.0,48.7,38.2,34.1,40.5,32.9,46.8,35.8,35.4,47.4,42.1,32.2,49.9,56.1,44.8,91.0,36.3,50.8,44.6,43.0,49.8,39.6,62.9,44.4,20.3,58.8,41.0,37.7,34.7,20.3,58.4,32.9,33.9,44.4,22.9,37.2,42.0,33.6,65.8,34.5
2022-11-29 02:00:00,70.3,55.4,66.9,46.4,40.9,53.4,65.8,38.3,44.8,83.1,29.6,46.2,49.5,38.9,34.6,42.3,33.3,47.1,36.6,35.7,48.3,42.9,32.4,50.1,56.9,45.3,91.1,36.5,51.4,45.2,43.3,51.4,40.3,64.3,45.3,20.4,61.3,41.5,38.6,35.9,21.3,59.3,33.1,35.0,45.0,23.1,38.3,42.7,33.8,66.7,34.6
2022-11-29 03:00:00,70.7,56.0,67.8,47.1,41.5,53.9,66.8,39.8,45.0,84.5,30.1,47.7,50.0,40.6,35.0,43.4,33.8,47.8,37.5,35.9,49.6,43.8,32.9,50.4,57.7,45.5,91.3,36.7,52.0,45.8,43.7,52.2,42.0,65.2,45.7,20.4,62.5,42.0,39.5,36.9,22.4,60.4,33.3,36.2,45.6,23.4,38.8,43.2,33.9,67.3,34.9
2022-11-29 04:00:00,71.3,56.4,68.2,47.9,41.9,54.3,67.7,40.8,45.1,87.6,30.9,48.8,50.7,41.8,35.6,44.5,34.3,49.8,38.4,36.2,50.6,44.4,33.3,50.9,58.2,45.7,91.5,36.9,52.4,46.3,44.6,53.2,47.3,65.9,46.1,20.5,63.5,42.6,40.9,37.2,23.7,61.2,33.4,37.5,45.9,24.0,39.4,43.7,34.0,67.6,35.1
2022-11-29 05:00:00,72.0,56.7,68.4,48.4,42.4,54.6,68.2,42.2,45.2,89.5,31.6,50.0,51.4,42.6,36.1,45.4,34.8,50.7,39.5,36.4,51.2,44.7,33.6,51.4,58.8,45.9,91.8,37.2,52.6,46.7,44.9,55.9,58.0,66.9,46.4,20.5,64.3,43.2,41.9,37.6,24.0,62.0,33.4,38.6,46.2,24.2,40.3,43.9,34.2,68.0,35.3
2022-11-29 06:00:00,72.7,56.9,68.5,48.9,42.9,54.9,68.5,43.7,45.4,91.0,32.3,51.0,51.9,43.1,36.6,46.0,35.1,51.2,40.6,36.7,52.7,44.9,34.1,51.7,59.7,46.0,92.0,37.5,52.8,47.3,45.0,61.7,65.3,67.5,46.7,20.6,65.0,43.9,42.8,42.1,24.2,62.6,33.6,39.2,46.6,24.3,41.1,44.0,34.3,68.2,35.3
2022-11-29 07:00:00,73.1,57.0,68.6,49.7,43.4,55.3,68.6,44.8,45.5,91.6,33.0,51.4,52.1,43.6,37.2,46.4,35.5,51.7,41.1,36.8,53.3,45.1,34.7,51.8,60.3,46.1,92.1,37.8,52.8,48.0,45.1,64.8,67.6,67.9,46.9,21.6,65.7,44.4,43.2,44.6,24.3,63.2,34.1,39.8,46.9,24.4,41.5,44.1,34.4,68.6,35.4
2022-11-29 08:00:00,73.4,57.2,68.6,50.4,47.2,55.5,68.7,45.6,45.6,92.6,33.5,52.6,52.3,44.0,38.5,46.7,36.0,52.0,41.5,37.1,54.2,45.4,35.1,52.0,60.7,46.2,92.3,38.0,52.9,48.9,45.2,65.7,68.6,68.7,47.4,24.6,66.0,44.9,43.7,46.0,24.3,63.8,35.1,40.9,47.2,24.5,41.8,44.3,34.5,68.9,35.5
2022-11-29 09:00:00,73.8,57.5,68.8,50.9,52.2,55.7,68.7,46.5,45.7,93.0,33.9,54.8,52.6,45.4,41.0,47.0,37.6,52.2,42.2,37.2,55.2,45.7,35.7,52.1,61.0,46.2,92.4,38.3,53.0,49.6,45.4,66.8,69.3,69.4,48.0,26.0,66.3,45.3,44.6,46.1,24.4,66.0,36.6,42.5,47.6,24.7,42.3,44.4,34.5,69.3,35.8
2022-11-29 10:00:00,74.2,57.8,69.0,51.3,57.4,55.9,68.8,47.8,45.8,93.2,35.4,58.1,52.8,48.3,44.4,47.3,39.0,52.5,42.5,37.5,56.0,46.0,36.5,52.2,61.5,46.5,92.6,38.5,53.2,50.0,45.6,67.9,69.7,70.0,48.8,26.7,66.8,45.7,48.7,46.2,24.5,68.1,38.1,42.9,48.2,24.7,42.8,44.6,34.9,69.5,36.1
2022-11-29 11:00:00,74.5,58.0,69.1,51.5,60.3,56.2,68.9,48.9,46.2,93.4,35.7,59.2,53.2,50.3,45.9,47.5,39.6,53.0,42.7,37.8,58.2,46.2,37.3,52.3,62.0,47.0,93.0,38.6,53.6,50.3,45.8,68.3,70.3,70.5,49.4,28.3,67.3,46.0,52.6,46.3,24.7,68.7,39.7,43.3,49.1,24.9,43.3,45.0,35.5,69.7,36.3
2022-11-29 12:00:00,74.8,58.1,69.3,51.7,61.4,56.4,69.1,49.7,46.8,93.5,36.3,60.8,55.8,50.7,46.9,47.8,39.9,53.7,43.2,38.1,59.8,46.9,37.7,52.5,62.3,48.3,93.3,38.9,54.2,50.6,46.1,69.4,71.3,71.2,50.2,31.7,67.8,46.3,55.2,46.4,25.0,69.2,41.4,43.8,50.1,25.1,43.7,45.2,37.2,70.1,36.5
2022-11-29 13:00:00,76.3,58.2,69.6,52.2,62.0,56.7,70.6,50.5,50.8,93.7,36.7,62.5,59.7,50.9,48.0,48.9,40.1,54.1,43.7,38.5,60.4,47.5,38.2,52.7,62.6,50.2,94.5,39.2,55.0,51.3,48.7,70.9,72.6,71.9,51.8,36.5,68.5,48.2,58.5,46.6,25.4,69.5,41.9,45.2,51.6,25.2,44.9,45.6,41.5,70.7,36.7
2022-11-29 14:00:00,77.5,58.3,69.7,52.4,64.4,57.0,72.4,51.4,52.1,94.0,37.0,63.1,62.0,51.0,48.7,49.9,40.8,54.4,45.5,39.0,61.3,47.9,38.7,53.0,63.7,50.8,100.0,39.7,55.7,52.2,48.9,71.5,73.5,72.3,52.5,38.3,69.7,54.2,60.1,50.0,29.3,69.9,42.5,46.3,52.3,25.4,46.8,45.8,42.1,71.8,37.0
2022-11-29 15:00:00,80.8,58.4,71.4,53.2,66.0,58.7,72.8,52.9,54.4,94.3,37.2,63.6,64.8,51.2,49.2,52.6,42.0,55.3,48.5,39.2,63.9,48.1,39.6,58.9,64.3,52.0,102.1,40.2,56.2,54.6,49.0,72.9,74.4,72.7,54.8,39.5,70.7,57.1,60.9,52.0,33.2,70.7,43.4,47.1,54.1,29.6,48.3,46.1,42.2,72.5,37.2
2022-11-29 16:00:00,83.3,58.6,74.9,54.9,66.5,62.1,74.2,54.8,55.4,94.7,37.4,63.8,65.1,51.7,49.6,53.2,45.8,55.7,48.9,39.8,67.0,48.4,41.8,60.8,65.5,52.8,102.3,44.0,56.7,54.9,49.1,73.6,75.4,73.1,57.0,40.4,71.6,58.3,61.3,52.5,34.5,71.9,46.1,48.9,55.4,30.0,49.2,48.9,42.3,76.4,37.4
2022-11-29 17:00:00,83.8,60.1,75.5,55.6,68.2,62.9,75.7,57.1,57.4,94.8,38.0,64.8,66.1,52.0,50.0,54.8,47.5,56.2,49.2,42.0,68.2,49.1,42.7,61.3,69.8,53.1,104.0,44.3,57.2,59.6,49.2,75.0,76.2,73.3,60.1,40.9,72.8,58.8,62.2,52.9,34.8,72.4,47.6,49.7,56.1,30.4,49.9,50.9,42.5,76.7,38.8
2022-11-29 18:00:00,85.1,64.6,79.1,56.8,68.7,64.8,76.2,64.2,58.0,96.0,38.6,65.6,67.0,52.5,50.6,55.3,48.5,57.0,49.7,44.1,69.4,49.4,43.1,62.6,70.3,53.4,106.5,44.9,57.9,60.2,50.0,75.8,77.5,73.7,60.9,41.7,73.2,59.7,63.1,53.6,36.0,72.8,49.1,51.1,57.3,32.4,50.6,55.3,42.8,77.6,39.6
2022-11-29 19:00:00,88.3,65.0,79.6,57.8,69.4,66.5,77.8,68.7,58.5,99.1,39.1,65.8,67.3,52.8,50.9,55.6,50.3,57.6,50.3,44.6,69.8,49.8,44.1,63.6,71.3,54.0,107.2,45.7,58.4,60.9,51.4,76.8,79.7,74.1,61.6,42.7,74.3,59.9,63.3,55.4,36.8,73.1,52.0,53.1,59.3,33.1,51.2,56.9,43.1,78.1,39.9
2022-11-29 20:00:00,90.1,66.5,79.9,58.6,69.9,67.0,78.9,70.4,58.9,99.5,39.6,66.0,67.8,53.3,51.1,55.9,52.3,58.5,50.9,44.9,70.2,51.2,45.0,63.8,72.8,54.5,107.8,45.9,58.8,61.6,52.0,77.4,81.3,74.8,62.6,43.5,74.9,60.3,64.1,55.8,37.1,73.5,52.4,53.8,60.3,33.4,51.9,57.7,43.4,78.6,40.4
2022-11-29 21:00:00,91.7,66.9,80.1,59.4,70.4,67.3,79.5,72.1,59.1,100.2,40.1,66.3,68.4,53.5,51.3,56.3,53.2,59.2,51.3,45.2,70.5,51.8,45.5,64.2,73.2,55.0,108.3,46.1,59.2,62.3,52.2,77.7,82.2,77.1,62.9,44.7,75.3,60.7,64.6,56.1,37.6,74.0,52.6,54.1,62.3,34.2,52.4,58.4,43.5,78.8,40.4
2022-11-29 22:00:00,92.7,67.0,80.3,60.4,71.2,67.5,80.6,73.6,59.3,101.2,41.4,67.9,68.8,54.2,51.4,56.7,53.6,59.8,51.8,45.6,70.9,52.9,46.2,64.3,73.8,55.2,108.8,46.5,59.9,62.5,52.3,78.1,83.1,78.7,63.4,45.7,75.5,60.9,65.7,56.5,37.9,74.4,52.8,54.3,64.2,34.5,52.8,58.8,43.6,79.2,40.5
2022-11-29 23:00:00,93.3,67.1,80.5,61.6,72.6,67.8,82.4,74.9,59.7,102.6,42.1,70.5,69.2,54.8,51.5,57.2,53.9,60.4,52.4,46.1,71.1,54.0,47.0,64.5,74.4,55.5,109.2,46.8,60.5,62.8,52.5,78.3,84.6,79.3,64.2,47.2,76.6,61.2,68.4,57.3,38.3,74.9,53.0,54.6,65.3,34.9,53.0,59.1,43.7,80.0,40.5
2022-11-30 00:00:00,94.0,67.2,81.1,62.6,74.0,68.2,83.7,76.2,60.2,103.7,42.7,71.7,69.5,55.3,51.8,57.7,54.1,61.1,52.9,46.9,71.3,54.5,47.6,64.7,75.2,55.7,109.5,47.1,61.1,63.0,52.7,78.6,85.4,79.7,64.7,48.5,78.5,61.8,71.5,58.2,38.9,75.4,53.1,54.8,66.1,35.4,53.4,59.7,43.8,81.3,40.7
2022-11-30 01:00:00,94.7,67.2,81.5,63.5,75.5,68.7,85.0,77.8,60.6,104.8,43.7,72.4,69.7,55.8,52.1,58.2,54.2,61.5,53.5,48.7,71.6,54.9,47.9,64.8,75.8,56.1,109.7,47.4,61.6,63.2,52.8,78.8,85.9,80.4,65.1,48.9,80.8,62.4,73.4,58.9,39.4,76.4,53.4,55.1,67.4,35.9,53.9,60.2,43.9,81.9,40.8
2022-11-30 02:00:00,95.3,67.3,82.0,64.1,76.7,69.1,86.6,79.8,61.0,105.8,44.5,72.9,69.9,56.4,52.3,58.7,54.4,62.0,53.7,51.4,71.7,55.1,48.2,64.9,76.4,56.5,109.8,47.6,62.0,63.4,53.1,78.9,86.8,81.0,65.4,49.1,82.0,62.9,74.2,59.3,39.9,78.0,55.1,55.4,68.4,36.5,54.3,60.5,44.0,82.2,40.9
2022-11-30 03:00:00,97.3,67.4,82.8,64.7,77.7,69.5,88.1,81.9,61.7,106.6,45.0,74.4,70.2,57.0,52.6,59.2,54.7,62.6,54.0,53.8,71.9,55.4,48.4,65.0,77.1,56.6,109.9,47.9,62.4,63.6,53.2,79.0,87.8,81.2,65.7,49.3,82.5,63.3,74.9,59.5,40.0,78.8,57.1,56.1,69.1,36.9,54.6,60.6,44.1,84.1,41.0
2022-11-30 04:00:00,99.5,67.4,83.9,65.1,78.3,69.8,89.0,82.9,62.0,107.1,45.5,79.4,70.4,57.6,53.0,59.4,55.9,63.1,54.3,54.8,72.0,55.7,49.0,65.1,77.7,56.7,110.1,48.0,62.6,63.8,53.3,79.3,88.7,81.4,66.1,49.4,83.3,63.7,75.5,59.6,40.2,79.2,58.9,57.0,69.6,37.5,54.9,60.8,44.2,85.4,41.1
2022-11-30 05:00:00,101.4,67.4,85.4,65.4,78.7,70.3,90.1,83.9,62.3,107.3,46.1,82.7,70.5,58.0,53.3,59.7,57.2,63.5,54.5,55.4,72.1,58.0,49.6,65.2,78.0,56.8,110.3,48.2,62.7,63.9,53.4,79.5,89.3,81.5,66.5,49.5,84.2,63.9,76.9,59.6,40.2,79.8,60.7,57.2,70.0,38.9,55.1,60.9,44.2,86.0,41.2
2022-11-30 06:00:00,102.8,67.4,86.1,65.7,79.2,70.7,91.4,84.5,62.6,107.3,46.7,83.1,70.6,58.3,53.6,59.9,58.6,63.7,54.8,55.8,72.2,62.3,50.2,65.2,78.2,56.8,110.5,48.3,62.8,64.0,53.5,79.5,89.9,81.7,66.7,49.6,84.9,64.0,83.4,59.6,40.3,80.3,61.7,57.4,70.3,40.1,56.5,61.0,44.2,86.2,41.2
2022-11-30 07:00:00,103.5,67.4,86.4,65.9,79.3,71.0,93.1,84.9,63.0,107.3,47.2,83.3,70.8,58.6,53.7,60.1,59.6,63.9,55.0,56.5,72.2,62.8,50.8,65.3,78.3,56.8,110.8,48.4,62.9,64.1,53.6,79.6,90.7,82.5,66.7,49.6,86.1,64.0,87.4,59.8,40.4,81.1,62.3,58.1,70.6,41.1,57.9,61.1,44.4,86.6,41.2
2022-11-30 08:00:00,104.1,67.4,86.5,66.2,79.4,71.4,93.4,85.0,63.2,107.4,47.9,83.4,71.0,58.7,53.7,60.3,60.0,64.0,55.3,57.6,72.3,62.9,52.2,65.3,78.5,56.8,111.4,48.6,62.9,64.1,53.6,79.7,91.9,83.2,66.8,49.6,87.7,64.0,88.6,59.8,40.5,82.1,62.7,59.6,70.7,41.4,58.5,61.2,44.7,88.4,41.2
2022-11-30 09:00:00,104.5,67.5,86.7,66.4,79.5,73.1,93.8,85.2,63.6,107.5,51.1,83.4,71.0,59.0,53.8,60.4,60.2,64.1,55.5,62.8,72.4,63.1,54.5,65.4,79.1,56.9,113.0,48.8,62.9,64.2,53.7,79.8,94.6,83.7,66.8,49.6,89.6,64.1,90.0,59.9,40.5,83.1,62.8,62.7,70.8,43.1,59.2,61.3,44.8,90.0,41.3
2022-11-30 10:00:00,106.2,67.5,86.8,66.6,79.6,76.5,94.1,85.3,65.6,107.6,54.7,83.5,71.2,59.4,53.9,60.4,60.3,64.8,55.7,67.0,72.5,63.5,56.0,65.4,79.3,56.9,115.0,49.0,63.0,64.4,53.7,81.4,97.3,83.8,66.9,49.6,91.0,64.2,93.4,60.1,40.6,84.2,62.9,65.0,70.9,43.4,59.5,61.6,44.9,90.7,41.3
2022-11-30 11:00:00,109.6,67.6,86.9,66.9,79.7,79.8,94.2,85.4,71.7,107.7,57.5,83.7,71.8,59.6,54.0,60.5,61.2,65.4,55.9,71.9,72.7,63.9,57.8,65.5,79.4,57.0,116.2,49.3,63.2,64.6,53.9,82.3,99.8,84.0,67.0,49.7,91.5,64.7,95.2,60.3,40.6,85.4,63.2,68.4,71.0,44.3,59.7,61.8,45.1,91.2,41.4
2022-11-30 12:00:00,110.9,67.8,87.0,67.1,80.1,83.1,94.5,85.8,74.7,107.8,59.7,83.7,73.1,59.9,54.1,60.6,62.3,65.6,56.5,73.7,72.9,64.1,58.9,65.6,79.5,57.2,116.8,49.6,63.4,64.8,53.9,82.7,101.5,84.1,67.1,49.8,91.8,65.1,97.8,60.4,40.7,86.2,63.4,74.6,71.4,46.4,60.0,62.1,45.2,91.4,41.4
2022-11-30 13:00:00,111.4,68.0,87.4,67.3,80.6,85.0,94.8,86.0,75.5,108.0,60.7,83.8,74.4,60.7,54.2,62.6,65.5,66.5,56.8,74.7,74.1,64.5,59.1,65.7,79.6,57.3,117.4,49.9,63.7,65.0,54.0,82.7,102.8,86.1,67.2,49.9,92.5,65.6,100.0,60.7,40.9,88.2,63.7,75.7,71.7,47.6,61.0,62.5,45.3,92.1,41.6
2022-11-30 14:00:00,111.9,68.2,88.1,67.4,80.8,86.1,95.5,87.7,76.2,108.2,61.2,83.9,78.4,64.2,59.4,63.4,67.8,68.1,59.1,75.3,75.0,65.1,60.3,65.8,79.8,57.5,117.7,51.0,64.1,66.8,54.2,83.1,104.6,86.2,67.3,50.1,94.5,66.5,100.5,61.0,45.1,89.7,63.9,79.4,71.8,48.3,61.8,62.9,45.3,93.1,41.8
2022-11-30 15:00:00,115.5,68.3,88.6,68.1,81.4,88.4,96.1,93.2,81.0,108.6,61.7,84.0,80.0,65.2,60.5,63.6,69.2,70.0,64.3,77.3,75.5,72.1,62.6,66.0,81.3,57.8,118.4,53.2,64.9,68.9,54.4,84.4,107.4,86.5,67.7,50.3,101.1,66.9,102.8,61.3,45.8,90.5,64.0,82.9,73.2,51.2,62.4,63.3,45.8,94.9,42.6
2022-11-30 16:00:00,119.2,68.6,88.9,69.4,81.7,90.5,98.4,94.4,82.1,109.7,62.4,84.1,80.3,67.0,66.6,63.8,70.8,71.4,64.8,80.2,76.2,72.6,63.1,66.1,84.3,59.0,119.0,55.7,65.5,70.1,55.3,90.8,109.9,87.7,68.4,50.5,103.9,73.9,104.6,61.5,46.1,93.4,64.2,84.3,77.6,54.6,63.2,63.6,46.0,97.2,47.4
2022-11-30 17:00:00,120.4,74.8,91.3,72.5,81.9,91.5,99.2,95.1,82.8,119.4,64.0,88.2,81.2,68.1,67.1,67.2,71.6,74.1,65.3,84.0,76.5,74.7,63.5,66.6,87.8,63.0,120.2,61.8,67.7,73.4,57.3,91.8,111.3,89.9,69.5,51.0,104.4,75.1,107.3,61.9,46.9,94.3,65.4,85.7,81.0,62.3,63.6,64.1,46.1,98.7,47.9
2022-11-30 18:00:00,121.5,77.3,95.5,73.7,82.6,92.4,100.2,95.9,83.1,123.7,64.5,89.2,83.0,68.9,67.8,68.0,72.5,76.0,66.3,86.0,76.8,75.7,64.3,67.6,89.0,63.9,120.7,62.9,67.9,73.9,57.9,92.3,112.0,91.6,70.0,58.2,104.9,76.1,108.8,63.5,47.8,98.7,67.5,87.5,82.2,63.1,64.2,64.3,46.2,101.1,48.1
2022-11-30 21:00:00,122.6,78.3,108.6,74.7,84.0,94.0,101.8,97.5,84.0,124.4,66.6,89.8,84.1,70.1,69.3,71.4,76.8,77.6,67.5,87.2,78.7,78.1,65.2,68.6,92.0,64.8,122.3,63.3,68.9,75.7,64.3,96.5,114.5,92.8,71.0,65.4,107.7,77.4,110.0,64.5,48.6,101.4,69.2,91.0,84.7,64.9,65.8,65.4,46.8,102.4,48.7
2022-12-01 00:00:00,123.6,79.8,112.6,75.5,84.9,94.8,103.3,97.8,84.8,124.7,67.4,90.4,84.8,72.1,70.1,72.7,77.3,78.6,69.1,87.6,79.7,79.3,67.1,68.9,92.6,65.4,124.0,63.4,70.4,76.6,65.0,97.8,115.1,93.5,72.0,66.9,108.2,78.3,110.3,64.8,49.3,102.7,71.2,92.0,85.9,65.7,66.8,66.1,47.0,103.4,49.3
2022-12-01 03:00:00,124.9,81.8,113.1,76.0,85.8,95.1,104.5,97.9,85.5,124.8,68.0,91.3,85.4,73.4,71.7,74.8,78.4,79.5,69.9,88.8,79.9,79.9,69.6,69.2,92.7,65.9,125.0,63.8,70.9,77.8,65.7,97.9,115.4,93.9,74.7,67.2,108.3,78.9,110.6,64.9,50.2,103.2,71.3,92.1,87.0,65.8,67.3,66.4,47.3,104.8,49.4
2022-12-01 06:00:00,125.6,81.9,113.5,76.4,86.4,95.1,104.9,98.0,87.2,124.9,68.4,91.9,85.5,73.5,73.1,79.2,78.6,80.0,71.0,89.4,80.0,80.5,70.4,69.3,93.2,66.0,127.4,64.0,71.0,78.3,66.0,97.9,115.7,94.2,78.0,67.2,108.7,79.4,111.8,65.1,51.0,103.7,71.7,92.2,87.8,66.2,67.6,66.7,47.5,105.8,49.4
2022-12-01 09:00:00,127.3,81.9,113.6,77.0,86.6,95.2,105.7,98.1,90.7,125.0,68.5,92.1,85.6,73.7,74.8,83.8,78.7,85.0,71.8,90.5,80.1,81.1,70.9,69.4,94.0,66.5,132.6,64.0,71.1,78.4,66.1,97.9,115.9,94.5,85.6,67.2,109.3,79.5,116.7,68.0,52.2,104.0,71.7,92.2,88.2,66.8,68.1,67.1,47.6,106.0,49.5
2022-12-01 12:00:00,127.9,82.2,113.7,77.3,87.4,95.5,106.8,98.4,93.3,125.2,69.0,92.7,85.7,74.1,75.6,87.6,79.0,90.9,72.4,91.2,80.6,81.6,71.5,69.6,95.7,71.8,136.2,64.3,71.4,78.7,66.3,98.2,116.1,94.9,87.8,67.5,110.6,81.6,119.3,69.5,54.2,104.8,71.9,92.3,88.7,68.3,69.7,67.7,47.8,106.4,49.7
2022-12-01 15:00:00,129.3,86.9,114.3,79.7,88.0,96.2,110.4,98.9,95.4,125.7,69.8,93.4,86.1,80.8,76.5,102.5,81.2,94.4,75.6,92.0,83.0,83.5,72.0,70.4,96.2,74.4,142.9,65.0,73.2,78.9,66.7,99.0,119.5,97.8,88.4,68.1,113.3,86.1,122.1,72.8,62.6,106.5,73.0,92.5,92.8,71.2,71.5,69.1,48.4,109.9,50.2
2022-12-01 18:00:00,131.9,94.2,118.2,83.1,89.7,106.8,111.4,101.2,98.2,134.9,74.8,97.2,89.3,84.0,83.8,108.8,82.7,101.5,78.4,96.8,89.1,86.3,73.8,76.5,103.2,76.3,144.5,73.7,83.4,82.5,73.8,112.2,120.8,105.6,94.6,76.6,115.5,87.3,126.8,77.7,64.9,109.7,73.9,97.4,98.8,72.6,75.4,70.8,50.3,111.1,62.6
2022-12-01 21:00:00,136.9,95.5,119.9,83.5,90.3,108.1,111.6,101.8,110.0,138.2,76.5,98.2,90.7,84.8,85.8,110.5,83.3,103.7,81.9,98.6,93.2,88.4,74.6,79.2,106.7,78.0,145.4,73.9,84.6,85.8,76.2,113.3,121.3,107.5,96.4,78.3,116.6,88.1,130.3,83.2,65.4,112.4,74.1,105.4,99.3,76.5,76.1,72.8,56.7,112.5,63.1
2022-12-02 00:00:00,137.0,95.8,121.4,84.1,90.5,108.3,112.0,102.0,110.4,138.9,76.7,98.8,91.8,85.1,86.5,111.0,83.5,104.2,82.2,98.9,93.5,88.6,74.8,79.3,108.0,78.1,146.1,74.0,85.1,85.9,76.5,114.2,121.5,117.8,99.0,79.2,116.8,88.3,132.1,83.3,65.5,113.5,74.1,107.9,99.5,76.7,77.1,75.0,56.9,112.7,63.3
2022-12-02 03:00:00,137.2,95.9,121.5,84.3,90.7,108.4,112.6,102.2,110.5,138.9,77.0,99.2,92.1,85.3,86.5,111.1,83.8,104.3,82.7,99.3,93.6,88.7,74.9,79.5,108.1,78.1,146.3,74.1,85.8,86.0,76.6,114.4,121.7,118.6,99.0,79.3,116.8,88.3,132.4,83.3,65.6,113.5,74.2,108.0,99.6,76.7,77.2,75.9,56.9,112.8,63.4
2022-12-02 06:00:00,137.3,95.9,121.5,84.5,90.8,108.5,113.5,102.2,110.5,138.9,77.1,99.5,92.1,85.5,86.5,111.1,84.1,104.3,83.3,99.3,93.6,88.9,74.9,79.8,108.2,78.2,146.4,74.1,86.2,86.0,76.6,114.5,121.8,118.6,99.0,79.3,116.8,88.4,132.6,83.4,65.7,113.5,74.2,108.0,99.7,76.7,77.4,76.2,57.1,112.9,63.4
2022-12-02 09:00:00,137.4,95.9,121.5,84.5,90.8,108.5,113.7,102.4,110.5,138.9,77.2,99.8,92.1,85.7,86.5,111.1,84.2,104.3,83.9,99.3,93.7,89.2,74.9,79.9,108.2,78.2,146.4,74.1,86.5,86.0,76.6,114.5,121.9,118.6,99.0,79.3,116.9,88.5,132.7,83.5,65.7,113.6,74.2,108.0,99.7,76.7,77.4,77.9,57.1,112.9,63.5
2022-12-02 12:00:00,137.5,96.2,121.5,84.7,91.0,108.8,114.0,102.6,110.5,138.9,77.3,100.0,92.3,85.9,86.6,111.4,84.4,104.4,84.2,99.3,93.9,89.5,74.9,80.1,108.2,78.6,146.6,74.1,86.8,86.0,76.8,114.5,121.9,118.6,99.1,79.6,117.1,88.8,133.0,83.6,66.0,113.8,74.3,108.0,100.0,76.8,77.8,78.1,57.4,113.1,63.5
2022-12-02 15:00:00,137.9,97.3,121.8,85.4,91.6,109.5,117.2,102.9,110.8,139.7,77.7,100.9,92.6,86.6,86.7,112.0,84.7,105.2,84.8,99.4,94.5,90.0,75.5,80.5,108.7,79.2,147.1,74.3,87.3,86.4,77.1,114.7,122.3,118.8,99.5,79.9,117.5,89.3,133.6,84.2,66.9,114.2,74.8,108.1,100.6,77.3,78.5,79.0,59.7,113.8,63.9
2022-12-02 18:00:00,138.8,103.8,122.8,91.5,92.7,111.2,125.1,103.5,111.2,141.0,78.7,105.4,99.1,90.8,88.2,117.8,86.3,114.3,87.6,100.3,97.4,93.8,76.6,81.5,110.1,86.7,152.3,74.6,88.1,87.0,77.2,114.9,122.8,119.1,101.3,81.8,118.6,92.8,136.2,84.6,74.0,114.9,77.2,109.8,107.0,79.7,79.0,81.9,64.3,115.9,64.4
2022-12-02 21:00:00,143.8,108.3,123.0,91.9,93.0,112.9,126.9,105.5,115.5,142.9,79.4,106.2,107.9,91.4,89.2,119.5,86.8,114.5,92.8,100.6,97.8,95.5,80.7,82.0,111.5,87.3,152.8,75.3,88.9,91.4,78.4,116.1,123.5,121.1,101.6,82.3,123.7,102.9,136.9,88.7,81.7,115.2,77.3,120.2,107.3,81.2,85.7,84.6,66.4,116.5,64.8
2022-12-03 00:00:00,144.1,108.4,123.0,92.2,93.2,113.1,127.2,105.7,115.6,143.2,79.7,106.6,108.1,91.5,89.4,119.7,87.0,114.7,93.4,100.6,98.2,95.8,80.8,82.2,111.6,87.7,153.3,76.0,89.7,91.4,79.0,116.1,123.7,121.1,102.1,82.4,124.2,103.8,137.0,88.7,82.3,115.4,77.4,121.5,107.5,81.4,87.1,85.1,66.5,116.5,64.9
2022-12-03 06:00:00,144.3,108.9,123.2,92.4,93.4,113.3,128.3,105.8,115.8,143.3,79.9,107.3,108.1,91.8,89.6,119.8,87.1,114.7,93.8,100.6,98.4,96.2,81.3,82.4,111.6,87.7,153.7,76.1,90.4,91.5,79.1,116.3,123.9,121.2,102.1,82.4,124.5,103.9,137.1,88.8,82.3,115.5,77.5,121.9,107.5,81.9,87.2,85.5,66.5,116.5,64.9
2022-12-03 12:00:00,144.4,109.1,123.3,92.4,93.5,113.4,128.5,106.0,116.2,143.4,80.0,108.1,108.2,92.3,89.7,120.1,87.1,114.7,93.9,100.6,98.4,96.7,81.7,82.8,111.6,87.8,153.9,76.4,91.1,91.6,79.1,116.3,123.9,121.3,102.3,82.5,124.7,104.1,137.1,88.8,82.4,115.6,77.5,121.9,107.8,81.9,87.4,85.6,66.8,116.5,65.0
2022-12-03 18:00:00,145.8,118.7,123.8,95.9,94.3,115.4,133.9,113.6,120.9,150.1,82.3,112.2,113.6,98.2,93.9,123.6,88.4,116.6,96.5,101.4,101.2,105.1,95.9,88.6,116.2,94.3,156.1,79.8,94.8,94.4,85.3,117.3,125.0,126.6,105.0,95.6,130.4,106.6,138.4,89.4,84.1,117.5,79.6,122.7,116.9,88.7,88.3,89.2,67.2,121.3,66.7
2022-12-04 00:00:00,155.0,126.0,128.0,96.8,96.1,116.5,153.5,116.6,127.7,153.1,84.9,113.9,127.3,100.1,95.8,125.8,90.4,120.4,100.2,105.9,111.6,107.8,97.2,89.3,116.4,100.6,162.5,82.1,99.2,98.6,86.7,119.6,134.4,132.2,110.9,108.9,136.1,119.2,143.9,95.3,85.2,122.6,86.7,125.7,120.5,97.3,92.0,93.0,69.0,123.4,68.7
2022-12-04 06:00:00,155.3,126.3,128.3,97.1,96.7,116.6,154.2,116.6,130.6,154.6,85.0,114.2,135.9,100.1,96.2,125.9,90.6,120.8,104.2,105.9,111.7,108.0,97.5,89.7,116.4,100.9,162.7,83.4,99.4,98.8,86.7,119.8,134.4,132.4,111.2,110.8,136.5,129.7,145.6,95.6,85.2,122.7,90.6,125.8,120.6,101.7,92.1,93.0,69.2,123.4,68.9
2022-12-04 12:00:00,155.5,126.9,128.4,97.2,96.7,116.8,154.4,117.0,131.0,154.9,85.3,114.8,146.9,100.4,96.4,126.1,90.6,120.9,105.5,106.0,111.8,108.2,97.8,89.8,116.5,101.8,163.0,83.6,99.8,99.0,86.8,120.0,134.4,132.7,111.5,110.9,136.7,130.1,146.0,95.7,85.3,122.9,91.0,125.9,120.8,101.8,92.4,93.0,69.5,123.4,69.3
2022-12-04 18:00:00,159.1,135.0,130.2,97.6,97.0,120.8,160.2,117.6,141.7,160.8,88.5,122.7,150.8,116.8,108.4,131.8,91.0,126.5,116.7,106.6,122.4,115.6,101.8,91.6,126.1,107.7,167.4,91.8,111.5,106.2,92.7,126.1,136.7,144.0,112.8,112.5,145.1,131.7,156.1,101.4,91.9,124.2,98.5,127.0,126.9,104.1,96.5,94.5,70.7,136.0,75.1
2022-12-05 00:00:00,168.4,141.7,131.5,100.8,97.8,122.8,177.6,122.6,148.6,164.8,93.8,130.0,157.4,119.1,111.2,137.4,92.2,129.9,127.7,117.5,127.6,127.3,107.5,96.6,126.9,110.5,169.6,101.9,118.8,107.3,94.6,129.9,145.9,147.1,117.2,122.4,154.5,156.6,162.0,102.3,98.7,124.4,106.4,128.5,128.4,115.6,98.3,100.2,73.7,138.4,76.9
2022-12-05 06:00:00,171.5,141.9,131.5,101.1,97.9,122.9,179.1,125.5,148.9,165.2,93.9,130.2,158.5,119.3,111.2,137.4,92.2,130.4,127.9,117.5,127.9,127.8,109.4,97.3,127.0,112.2,169.7,102.7,124.5,107.8,94.6,130.2,146.0,147.2,117.8,122.7,155.5,156.8,162.7,102.4,99.3,124.4,107.0,128.5,128.4,118.7,98.6,100.2,73.8,138.4,76.9
2022-12-05 12:00:00,172.0,142.0,131.6,101.1,98.0,122.9,188.7,125.6,150.7,165.3,94.1,130.6,159.0,119.4,111.3,137.4,92.2,130.5,128.7,117.6,128.0,128.1,109.6,97.5,127.2,112.3,170.0,104.4,126.2,108.2,96.5,130.4,146.0,147.6,117.9,123.3,155.6,157.0,163.1,102.6,99.4,124.6,107.6,128.8,128.5,118.9,98.7,100.3,73.9,138.8,77.1
2022-12-05 18:00:00,176.8,143.6,141.7,101.5,105.1,125.7,196.2,133.1,155.6,168.8,98.9,146.4,160.1,127.1,114.1,140.9,92.8,134.1,130.7,121.0,139.6,133.3,115.7,99.9,130.5,113.2,171.2,110.2,127.9,117.2,105.0,148.8,157.1,151.4,128.7,124.5,156.7,161.2,184.7,114.0,110.7,126.0,123.7,130.0,133.6,132.8,99.7,104.8,74.6,148.4,82.2
2022-12-06 00:00:00,180.7,146.3,144.6,103.5,106.6,126.0,203.7,145.3,168.8,169.5,111.6,152.5,163.9,128.2,118.4,141.1,93.1,144.8,131.2,121.9,140.4,151.4,116.1,113.9,131.6,113.4,174.0,114.0,138.2,119.8,106.4,150.6,160.5,152.4,132.1,125.4,157.9,162.2,191.8,114.7,114.0,127.0,125.7,132.5,139.7,136.1,103.6,105.4,79.9,158.2,87.5
2022-12-06 06:00:00,180.8,146.5,149.8,107.7,106.6,126.0,203.8,155.5,169.1,169.7,111.7,152.5,164.0,128.2,118.4,141.2,93.3,147.4,131.2,121.9,140.4,151.8,116.2,114.2,131.6,114.3,179.1,116.0,138.3,120.0,106.4,150.8,160.7,152.4,132.8,125.4,157.9,164.5,191.9,114.8,117.3,127.3,125.8,132.7,139.7,136.9,103.8,109.3,79.9,158.2,87.7
2022-12-06 12:00:00,181.4,146.7,150.0,107.7,107.1,126.1,204.0,156.0,169.6,171.6,111.9,153.1,164.3,128.5,118.4,141.2,93.4,148.6,131.7,122.2,140.4,152.2,116.3,114.4,131.8,114.3,179.1,119.1,138.3,120.4,106.5,152.1,161.0,152.5,133.0,125.5,157.9,164.8,192.2,115.1,118.3,127.5,127.2,132.9,139.9,137.2,104.2,109.4,79.9,158.9,88.1
2022-12-06 18:00:00,184.0,147.2,154.6,107.8,118.6,126.2,204.9,171.8,176.5,178.8,114.5,155.2,170.5,139.5,119.5,146.9,94.0,151.3,133.2,123.3,158.5,156.8,116.5,118.7,132.8,120.3,179.9,123.0,145.5,121.7,111.4,161.4,164.4,155.9,135.7,131.8,159.6,173.4,201.4,116.6,119.1,129.2,129.9,136.5,143.2,137.6,105.3,110.1,80.2,170.2,90.9
2022-12-07 00:00:00,186.3,148.2,156.2,114.3,124.2,127.2,215.4,177.8,178.0,181.3,120.3,156.4,174.5,145.7,121.1,147.6,94.2,156.8,134.1,126.6,164.7,161.6,117.3,124.8,135.5,120.5,180.3,128.8,148.0,122.5,113.0,165.6,168.2,157.0,139.0,132.4,165.2,184.7,205.1,117.6,120.8,130.1,130.3,142.9,155.4,138.2,106.9,111.6,80.4,182.8,97.1
2022-12-07 06:00:00,186.3,148.2,156.5,114.8,125.4,127.2,215.4,178.0,179.4,183.8,121.0,156.4,175.2,149.9,121.1,147.6,94.3,157.4,134.4,127.1,173.3,162.5,117.3,124.9,135.6,122.2,180.6,128.9,148.0,122.6,113.3,165.7,168.2,157.1,139.0,132.5,165.2,185.7,205.1,117.8,121.0,130.2,130.3,143.2,155.8,138.2,107.0,111.6,80.4,182.8,97.1
2022-12-07 12:00:00,186.5,148.2,156.6,114.9,125.8,127.2,215.4,179.0,180.1,184.8,121.2,156.5,175.5,180.2,121.7,148.1,94.3,157.8,134.7,127.2,173.7,162.6,117.3,125.1,135.8,122.2,180.6,130.2,148.1,122.8,113.4,166.0,168.5,157.3,139.4,132.7,165.2,186.0,205.3,117.8,121.2,130.5,130.5,143.4,156.0,138.4,107.2,111.6,80.4,183.1,97.2
2022-12-07 18:00:00,188.8,148.7,164.8,116.0,132.0,127.4,216.0,180.1,188.7,187.8,122.6,156.7,192.5,183.1,127.8,155.9,94.4,160.9,137.9,128.7,179.5,162.8,117.5,135.8,136.6,122.6,182.4,133.0,149.6,123.5,125.0,166.6,170.6,158.6,140.2,137.8,166.3,186.2,205.5,118.1,121.9,131.8,131.2,145.4,162.0,138.7,114.4,112.7,80.6,184.4,98.2
2022-12-08 00:00:00,189.4,149.9,167.1,126.2,134.9,138.0,217.4,181.4,191.2,187.8,127.0,156.7,193.3,185.8,149.2,162.7,95.0,166.2,138.8,129.2,180.3,163.9,117.6,147.2,137.7,125.7,182.9,135.4,152.3,125.5,126.2,166.6,171.1,171.7,142.2,141.2,167.9,188.6,206.9,119.5,127.4,137.5,134.4,153.2,167.3,139.4,114.8,117.4,81.3,185.4,102.7
2022-12-08 06:00:00,189.4,149.9,168.5,126.4,136.4,138.1,217.4,181.6,195.1,187.8,127.7,156.7,193.8,186.0,155.6,163.2,103.0,166.2,138.8,129.2,180.7,164.1,118.5,147.3,138.1,125.7,182.9,135.7,154.2,126.1,126.5,166.8,171.1,172.7,142.2,145.3,168.4,189.2,206.9,119.5,131.9,137.6,134.4,154.7,167.3,139.5,114.9,117.5,81.3,185.5,102.7
2022-12-08 12:00:00,189.8,149.9,168.7,126.5,137.5,138.1,217.4,181.7,202.8,187.9,127.9,156.7,194.7,186.0,155.9,164.0,103.1,166.4,138.9,129.2,181.0,164.1,118.6,147.5,138.3,125.7,182.9,136.4,154.5,126.1,126.7,166.8,171.3,172.8,142.3,149.5,168.6,189.5,207.4,119.5,132.0,137.8,134.4,158.3,167.8,139.6,115.6,118.8,81.5,185.6,102.8
2022-12-08 18:00:00,193.5,149.9,184.8,142.1,138.6,138.1,217.5,194.9,211.5,188.2,134.6,156.9,195.5,186.9,162.1,167.0,109.2,167.5,139.2,129.4,183.6,165.0,125.9,148.2,140.6,128.9,183.1,136.9,167.8,129.1,128.6,166.9,182.1,181.6,143.0,149.8,181.7,193.1,208.8,120.0,134.2,142.8,143.8,165.9,168.6,140.3,120.8,121.8,95.7,195.1,108.9
2022-12-09 00:00:00,194.0,149.9,195.7,144.4,139.2,138.1,222.3,202.4,213.9,188.4,138.7,156.9,197.5,187.9,162.5,175.7,111.0,169.6,149.4,129.3,185.0,165.6,129.8,149.3,146.1,135.5,184.8,137.0,174.0,131.2,132.8,166.9,195.6,188.0,148.4,149.8,187.5,195.7,210.2,129.7,136.7,157.0,147.6,176.0,169.7,140.6,121.4,123.5,105.2,200.4,113.9
2022-12-09 06:00:00,194.2,149.9,196.7,144.5,139.8,138.1,222.4,205.4,215.5,188.6,139.6,157.2,197.7,189.6,162.5,175.7,111.3,169.6,149.6,129.3,185.1,165.9,132.2,149.5,146.1,135.5,185.7,137.1,176.4,138.6,132.8,166.9,195.9,188.0,148.4,149.8,188.9,195.9,210.5,133.6,137.2,157.9,149.3,176.6,169.8,141.5,121.5,123.6,106.4,200.9,119.9
2022-12-09 12:00:00,197.7,149.9,197.1,144.6,139.9,138.1,224.0,210.5,215.6,188.7,140.7,157.3,197.7,189.7,163.3,176.1,112.0,169.9,149.7,129.3,185.1,166.1,133.0,149.7,146.3,141.6,185.7,137.1,177.3,140.4,133.1,166.9,196.8,188.3,148.5,149.8,188.9,196.0,210.5,137.6,137.4,158.5,149.7,176.8,170.0,141.6,121.5,123.6,106.6,202.9,130.9
2022-12-09 18:00:00,200.5,150.0,197.7,145.8,139.9,138.1,226.2,223.0,215.6,188.9,144.7,158.0,199.3,194.3,167.2,177.8,112.7,173.3,152.1,129.3,186.4,166.3,133.8,151.5,151.6,164.0,186.1,137.3,178.2,143.0,137.8,188.6,197.5,189.6,152.7,149.8,189.3,197.7,210.5,140.7,153.0,159.7,152.3,177.6,170.7,143.9,121.5,124.4,107.4,210.9,140.9
2022-12-10 00:00:00,200.9,151.5,199.2,146.2,140.0,138.1,226.7,223.7,215.7,189.1,149.2,159.7,200.2,195.7,167.3,186.2,113.8,173.7,152.8,129.3,200.1,166.6,133.8,151.6,153.6,168.0,188.6,137.3,178.4,143.5,140.2,189.6,197.8,193.1,154.5,149.8,190.3,198.5,210.5,142.5,155.7,161.7,154.0,177.9,171.6,144.5,121.5,125.0,107.8,211.3,142.0
2022-12-10 06:00:00,200.9,151.7,200.6,146.2,140.0,138.1,226.7,224.1,215.8,189.4,149.8,161.6,200.4,202.9,167.4,186.2,114.4,173.7,153.0,129.3,211.7,166.6,133.9,151.6,153.6,168.0,188.8,137.5,178.5,143.9,145.5,189.9,198.2,194.0,154.6,149.8,190.4,198.6,210.5,142.9,156.1,162.2,154.2,177.9,172.1,144.8,121.5,125.0,108.9,211.4,142.1
2022-12-10 12:00:00,200.9,151.7,203.7,146.2,140.0,138.1,226.8,224.2,215.8,189.5,149.8,161.7,200.5,203.9,167.4,186.3,115.1,173.9,153.2,129.3,212.2,166.6,134.0,151.8,153.9,168.0,188.8,138.1,178.5,144.1,166.1,190.1,198.4,194.2,154.7,149.8,190.4,198.7,210.5,143.0,156.4,162.5,154.3,177.9,172.3,145.5,121.5,125.0,113.7,211.7,142.8
2022-12-10 18:00:00,201.7,157.2,205.4,146.9,140.0,138.2,228.2,224.6,216.2,190.1,149.9,161.9,201.9,220.1,168.0,188.0,115.7,174.1,154.0,129.3,212.3,166.6,134.7,160.0,158.1,170.3,192.1,139.8,178.5,144.6,183.5,191.9,198.4,194.5,156.6,149.9,190.8,199.6,210.5,143.7,161.8,162.9,155.4,177.9,172.3,146.5,121.5,125.6,114.2,211.9,157.9
2022-12-11 00:00:00,201.8,158.7,209.6,151.1,140.0,139.0,229.4,225.9,216.3,190.2,150.9,166.7,202.5,225.7,178.3,189.8,115.9,174.1,154.3,130.0,212.4,166.6,134.8,168.2,160.1,172.6,194.9,140.5,178.6,144.7,188.9,192.8,198.4,194.7,159.9,150.0,192.7,200.1,210.5,150.5,179.2,163.0,155.8,177.9,172.4,147.0,121.9,126.7,114.8,212.1,163.3
2022-12-11 06:00:00,201.8,158.7,210.7,151.1,140.0,139.0,229.6,225.9,216.3,190.3,151.9,166.7,202.6,227.9,178.3,190.6,116.4,174.1,154.4,130.4,212.7,166.7,134.8,168.8,163.4,173.2,195.3,140.7,178.6,144.9,190.0,193.1,198.8,194.9,159.9,150.0,192.7,200.3,210.5,150.5,179.6,163.0,155.9,177.9,172.5,147.5,122.8,126.7,115.1,212.2,163.6
2022-12-11 12:00:00,201.8,159.5,211.3,151.4,140.0,139.0,229.8,226.1,216.3,190.3,152.9,166.8,202.8,228.6,178.3,190.8,116.7,174.1,154.5,130.4,212.7,166.7,134.8,168.8,163.9,173.4,195.6,141.0,178.6,145.1,190.5,193.2,199.0,194.9,161.0,150.0,192.7,200.6,210.5,150.6,179.9,163.0,156.2,177.9,172.5,147.7,123.3,126.7,115.2,212.2,163.6
2022-12-11 18:00:00,201.8,165.2,214.1,154.0,140.0,144.3,229.8,227.1,216.3,191.1,153.4,167.1,203.7,232.3,182.7,192.3,117.0,176.4,157.5,131.2,212.7,167.0,134.8,168.9,164.2,174.3,200.9,141.6,178.6,145.2,191.1,193.6,199.2,197.8,165.6,156.5,193.5,201.2,215.2,167.2,180.6,163.5,156.4,177.9,172.5,148.4,123.3,128.7,116.7,212.6,164.5
2022-12-12 00:00:00,201.9,175.7,214.7,154.4,140.0,147.5,229.8,227.7,216.3,191.5,153.4,168.8,203.9,233.1,183.1,195.1,117.1,192.2,178.2,133.8,212.7,169.5,134.8,168.9,164.6,174.4,201.1,141.9,178.6,145.2,191.8,194.0,199.4,207.6,174.3,160.4,193.6,201.4,220.1,172.9,180.8,163.5,156.9,177.9,172.5,148.8,123.3,137.3,117.3,212.7,165.1
